<?xml version="1.0" encoding="UTF-8"?>
<beans xmlns="http://www.springframework.org/schema/beans"
       xmlns:xsi="http://www.w3.org/2001/XMLSchema-instance" xmlns:p="http://www.springframework.org/schema/p"
       xsi:schemaLocation="http://www.springframework.org/schema/beans http://www.springframework.org/schema/beans/spring-beans.xsd">
<!--
    <bean id="sample" class="kr.co.teaspoon.dto.Sample" />
    <bean id="sam1" class="kr.co.teaspoon.dto.Sample">
        <property name="no" value="1" />
        <property name="name" value="김기태" />
    </bean>
    <bean id="sam2" class="kr.co.teaspoon.dto.Sample" p:no="2" p:name="김기태"/>
    <bean id="sam3" class="kr.co.teaspoon.dto.Sample">
        <constructor-arg>
            <value>3</value>
        </constructor-arg>
        <constructor-arg value="김기태" />
    </bean>

    <bean id="person" class="kr.co.teaspoon.dto.Person">
        <constructor-arg ref="sam1" />
        <constructor-arg value="01012341234" />
    </bean>
    -->
</beans>