<?xml version="1.0" encoding="UTF-8"?>
<configuration>
    <logger name="jdbc.sqlonly" level="DEBUG" />
    <logger name="jdbc.sqltiming" level="INFO" />
    <logger name="jdbc.audit" level="WARN" />
    <logger name="jdbc.resultset" level="ERROR" />
    <logger name="jdbc.resultsettable" level="ERROR" />
    <logger name="jdbc.connection" level="INFO" />

    <appender name="CONSOLE" class="ch.qos.logback.core.ConsoleAppender">
        <layout class="ch.qos.logback.classic.PatternLayout">
            <pattern>%d{HH:mm:ss.SSS} [%thread] %-4level [%logger.%method:%line]-
                %msg%n</pattern>
        </layout>
    </appender>

    <appender name="LOGFILE"
              class="ch.qos.logback.core.rolling.RollingFileAppender">
        <file>/WEB-INF/logback.log</file>
        <rollingPolicy class="ch.qos.logback.core.rolling.TimeBasedRollingPolicy">
            <fileNamePattern>logback.%d{yyyy-MM-dd}.log</fileNamePattern>
            <!-- 30일 지난 파일은 삭제한다. -->
            <maxHistory>30</maxHistory>
        </rollingPolicy>
        <encoder>
            <pattern>%d{yyyy-MM-dd HH:mm:ss.SSS} %-4level [%logger.%method:%line]
                - %msg %n</pattern>
        </encoder>
    </appender>

    <!-- 로그의 레벨( 지정된 로그 레벨 이상만 수집 ) : DEBUG < INFO < WARN < ERROR < FATAL -->
    <logger name="myweb" additivity="false">
        <level value="INFO" />
        <appender-ref ref="LOGFILE" />
        <appender-ref ref="CONSOLE" />
    </logger>

    <root>
        <level value="INFO" />
        <appender-ref ref="CONSOLE" />
    </root>
</configuration>