<?xml version="1.0" encoding="UTF-8"?>
<beans xmlns="http://www.springframework.org/schema/beans"
       xmlns:xsi="http://www.w3.org/2001/XMLSchema-instance"
       xmlns:mybatis-spring="http://mybatis.org/schema/mybatis-spring"
       xmlns:context="http://www.springframework.org/schema/context"
       xmlns:aop="http://www.springframework.org/schema/aop"
       xmlns:jdbc="http://www.springframework.org/schema/jdbc"
       xmlns:tx="http://www.springframework.org/schema/tx"
       xsi:schemaLocation="http://www.springframework.org/schema/jdbc http://www.springframework.org/schema/jdbc/spring-jdbc-4.3.xsd
		http://mybatis.org/schema/mybatis-spring http://mybatis.org/schema/mybatis-spring-1.2.xsd
		http://www.springframework.org/schema/beans https://www.springframework.org/schema/beans/spring-beans.xsd
		http://www.springframework.org/schema/context http://www.springframework.org/schema/context/spring-context-4.3.xsd
		http://www.springframework.org/schema/aop http://www.springframework.org/schema/aop/spring-aop-4.3.xsd
		http://www.springframework.org/schema/tx http://www.springframework.org/schema/tx/spring-tx-4.3.xsd">

        <!-- applicationContext : 빈을 설정하는 파일로 외부 자원과 연동하는 부분을 설정 -->

        <!-- 데이터베이스 설정 -->
        <!-- spring-jdbc-5.3.20.jar 안의 드라이버매니저 연결 -->
        <bean id="dataSource" class="org.springframework.jdbc.datasource.SimpleDriverDataSource">
                <property name="driverClass" value="org.mariadb.jdbc.Driver" />
                <property name="url" value="jdbc:mariadb://localhost:3306/team33" />
                <property name="username" value="root" />
                <property name="password" value="1234" />
        </bean>

        <!-- sql을 대신할 my-batis 설정 : mybatis-spring-1.3.2.jar의 세션팩토리빈클래스 연결 -->
        <bean id="sqlSessionFactory" class="org.mybatis.spring.SqlSessionFactoryBean">
                <property name="dataSource" ref="dataSource" />
                <property name="configLocation" value="classpath:/mybatis-config.xml" />
                <property name="mapperLocations" value="classpath*:mappers/**/*Mapper.xml" />
        </bean>

        <!-- SqlSession 객체 주입 -->
        <bean id="sqlSession" class="org.mybatis.spring.SqlSessionTemplate" destroy-method="clearCache">
                <constructor-arg name="sqlSessionFactory" ref="sqlSessionFactory" />
        </bean>

        <!-- 트랜잭션 및 DB 패키지 방안 및 각 종 로깅과 보안 설정 -->
        <bean id="transactionManager" class="org.springframework.jdbc.datasource.DataSourceTransactionManager">
                <property name="dataSource" ref="dataSource"/>
        </bean>

        <context:annotation-config />
        <bean id="memberService" class="kr.co.teaspoon.service.MemberServiceImpl"/>
        <bean id="memberDAO" class="kr.co.teaspoon.dao.MemberDAOImpl"/>
        <bean id="communityService" class="kr.co.teaspoon.service.CommunityServiceImpl" />
        <bean id="communityDAO" class="kr.co.teaspoon.dao.CommunityDAOImpl" />
        <bean id="commentService" class="kr.co.teaspoon.service.CommentServiceImpl" />
        <bean id="commentDAO" class="kr.co.teaspoon.dao.CommentDAOImpl" />
        <bean id="filterWordService" class="kr.co.teaspoon.service.FilterWordServiceImpl" />
        <bean id="filterWordDAO" class="kr.co.teaspoon.dao.FilterWordDAOImpl" />
        <bean id="noticeService" class="kr.co.teaspoon.service.NoticeServiceImpl"/>
        <bean id="noticeDAO" class="kr.co.teaspoon.dao.NoticeDAOImpl"/>
        <bean id="faqService" class="kr.co.teaspoon.service.FaqServiceImpl"/>
        <bean id="faqDAO" class="kr.co.teaspoon.dao.FaqDAOImpl"/>
        <bean id="qnaService" class="kr.co.teaspoon.service.QnaServiceImpl"/>
        <bean id="qnaDAO" class="kr.co.teaspoon.dao.QnaDAOImpl"/>
        <bean id="fileboardService" class="kr.co.teaspoon.service.FileboardServiceImpl"/>
        <bean id="fileboard" class="kr.co.teaspoon.dao.FileboardDAOImpl"/>
        <bean id="fileInfoService" class="kr.co.teaspoon.service.FileInfoServiceImpl"/>
        <bean id="fileInfo" class="kr.co.teaspoon.dao.FileInfoDAOImpl"/>
        <bean id="attendanceService" class="kr.co.teaspoon.service.AttendanceServiceImpl"/>
        <bean id="attendanceDAO" class="kr.co.teaspoon.dao.AttendanceDAOImpl"/>
        <bean id="eventService" class="kr.co.teaspoon.service.EventServiceImpl" />
        <bean id="eventDAO" class="kr.co.teaspoon.dao.EventDAOImpl" />
        <bean id="applyService" class="kr.co.teaspoon.service.ApplyServiceImpl" />
        <bean id="applyDAO" class="kr.co.teaspoon.dao.ApplyDAOImpl" />
        <bean id="winnerService" class="kr.co.teaspoon.service.WinnerServiceImpl" />
        <bean id="winnerDAO" class="kr.co.teaspoon.dao.WinnerDAOImpl" />

        <!-- @Transactional 어노테이션 처리 -->
        <tx:annotation-driven transaction-manager="transactionManager" />

        <!-- naver/daum/google 메일 서버 설정 -->

</beans>