<?xml version="1.0" encoding="UTF-8"?>
<!DOCTYPE mapper PUBLIC "-//mybatis.org//DTD Mapper 3.0//EN" "http://mybatis.org/dtd/mybatis-3-mapper.dtd">
<mapper namespace="event">
    <!-- 이벤트 리스트 구하기-->
    <select id="eventList" resultType="kr.co.teaspoon.dto.Event">
        select * from event
        <![CDATA[
            ORDER BY sdate desc, edate desc LIMIT #{postStart}, #{postCount}
        ]]>
    </select>
    <!-- 이벤트 상세보기 -->
    <select id="eventDetail" resultType="kr.co.teaspoon.dto.Event">
        select * from event where eno=#{eno}
    </select>
    <!-- 글 수 카운트 -->
    <select id="getCount" resultType="integer" >
        select count(*) from event
    </select>
    <!-- 이벤트 글 쓰기 -->
    <insert id="eventInsert">
        insert into event values (default, #{title}, #{content}, #{status}, #{sdate}, #{edate}, 'admin',default, 0)
    </insert>
    <!--이벤트 글 삭제하기 -->
    <delete id="eventDelete">
        delete from event where eno=#{eno}
    </delete>
    <!-- 이벤트 글 수정하기 -->
    <update id="eventEdit">
        update event set title=#{title}, content=#{content}, sdate=#{sdate}, edate=#{edate}, status=#{status} where eno=#{eno}
    </update>
    <!--조회수 -->
    <update id="updateCnt">
        update event set cnt=cnt+1 where eno=#{eno}
    </update>
    <!-- 현재 중인 이벤트 목록 랜덤으로 6개 가져오기 (관리자 페이지에서 사용) -->
    <select id="ongoingEvents" resultType="kr.co.teaspoon.dto.Event">
        SELECT * FROM event where STATUS = 1 ORDER BY RAND() LIMIT 6
    </select>
</mapper>